{
  "dataset": "sierra_leone",
  "split": {
    "fine_tune": 0.5,
    "test": 0.5
  },
  "n_samples_total": 1300,
  "n_samples_finetune": 650,
  "n_samples_test": 650,
  "class_distribution_total": {
    "neg_0": 246,
    "pos_1": 1054
  },
  "class_distribution_test": {
    "neg_0": 123,
    "pos_1": 527
  },
  "models": {
    "LogisticRegression": {
      "accuracy": 0.5246153846153846,
      "precision_pos": 0.8205882352941176,
      "recall_pos": 0.5294117647058824,
      "f1_pos": 0.643598615916955,
      "confusion_matrix": [
        [
          62,
          61
        ],
        [
          248,
          279
        ]
      ],
      "classification_report": {
        "0": {
          "precision": 0.2,
          "recall": 0.5040650406504065,
          "f1-score": 0.2863741339491917,
          "support": 123.0
        },
        "1": {
          "precision": 0.8205882352941176,
          "recall": 0.5294117647058824,
          "f1-score": 0.643598615916955,
          "support": 527.0
        },
        "accuracy": 0.5246153846153846,
        "macro avg": {
          "precision": 0.5102941176470588,
          "recall": 0.5167384026781444,
          "f1-score": 0.4649863749330734,
          "support": 650.0
        },
        "weighted avg": {
          "precision": 0.7031538461538461,
          "recall": 0.5246153846153846,
          "f1-score": 0.5760007524061321,
          "support": 650.0
        }
      }
    },
    "RandomForest": {
      "accuracy": 0.7938461538461539,
      "precision_pos": 0.8144,
      "recall_pos": 0.9658444022770398,
      "f1_pos": 0.8836805555555556,
      "confusion_matrix": [
        [
          7,
          116
        ],
        [
          18,
          509
        ]
      ],
      "classification_report": {
        "0": {
          "precision": 0.28,
          "recall": 0.056910569105691054,
          "f1-score": 0.0945945945945946,
          "support": 123.0
        },
        "1": {
          "precision": 0.8144,
          "recall": 0.9658444022770398,
          "f1-score": 0.8836805555555556,
          "support": 527.0
        },
        "accuracy": 0.7938461538461539,
        "macro avg": {
          "precision": 0.5472,
          "recall": 0.5113774856913654,
          "f1-score": 0.4891375750750751,
          "support": 650.0
        },
        "weighted avg": {
          "precision": 0.7132750769230769,
          "recall": 0.7938461538461539,
          "f1-score": 0.7343612121737122,
          "support": 650.0
        }
      }
    },
    "XGBoost": {
      "accuracy": 0.6815384615384615,
      "precision_pos": 0.8125,
      "recall_pos": 0.7893738140417458,
      "f1_pos": 0.8007699711260827,
      "confusion_matrix": [
        [
          27,
          96
        ],
        [
          111,
          416
        ]
      ],
      "classification_report": {
        "0": {
          "precision": 0.1956521739130435,
          "recall": 0.21951219512195122,
          "f1-score": 0.20689655172413793,
          "support": 123.0
        },
        "1": {
          "precision": 0.8125,
          "recall": 0.7893738140417458,
          "f1-score": 0.8007699711260827,
          "support": 527.0
        },
        "accuracy": 0.6815384615384615,
        "macro avg": {
          "precision": 0.5040760869565217,
          "recall": 0.5044430045818485,
          "f1-score": 0.5038332614251103,
          "support": 650.0
        },
        "weighted avg": {
          "precision": 0.6957734113712375,
          "recall": 0.6815384615384615,
          "f1-score": 0.6883908471469454,
          "support": 650.0
        }
      }
    }
  },
  "artifacts": {
    "lr": "artifacts/lr_phase2_sl.pkl",
    "rf": "artifacts/rf_phase2_sl.pkl",
    "xgb": "artifacts/xgb_phase2_sl.json"
  },
  "preprocessing_artifacts_reused_from_phase1": {
    "selected_features_json": "artifacts/selected_features.json",
    "imputer_pkl": "artifacts/imputer.pkl",
    "scaler_pkl": "artifacts/scaler.pkl"
  },
  "notes": {
    "smote_applied_to": "fine_tune_set_only",
    "phase1_models_used_for_init": true
  }
}